onset	duration	trial_type	value	sample
5.92	6.0	rest	3	2960
13.972	6.0	open_close	2	6986
30.042	6.0	rest	3	15021
38.096	6.0	wrist_rotation	4	19048
54.166	6.0	rest	3	27083
62.2	6.0	finger_tapping	1	31100
78.29	6.0	rest	3	39145
86.326	6.0	open_close	2	43163
102.402	6.0	rest	3	51201
110.44	6.0	wrist_rotation	4	55220
126.53	6.0	rest	3	63265
134.574	6.0	finger_tapping	1	67287
150.646	6.0	rest	3	75323
158.682	6.0	open_close	2	79341
174.772	6.0	rest	3	87386
182.808	6.0	wrist_rotation	4	91404
198.888	6.0	rest	3	99444
206.926	6.0	finger_tapping	1	103463
223.006	6.0	rest	3	111503
231.04	6.0	open_close	2	115520
247.13	6.0	rest	3	123565
255.17	6.0	wrist_rotation	4	127585
271.248	6.0	rest	3	135624
279.292	6.0	finger_tapping	1	139646
295.36	6.0	rest	3	147680
303.41	6.0	open_close	2	151705
319.48	6.0	rest	3	159740
327.522	6.0	wrist_rotation	4	163761
343.6	6.0	rest	3	171800
351.654	6.0	finger_tapping	1	175827
367.732	6.0	rest	3	183866
375.768	6.0	open_close	2	187884
391.85	6.0	rest	3	195925
399.894	6.0	wrist_rotation	4	199947
415.968	6.0	rest	3	207984
424.01	6.0	finger_tapping	1	212005
440.084	6.0	rest	3	220042
448.136	6.0	open_close	2	224068
464.206	6.0	rest	3	232103
472.248	6.0	wrist_rotation	4	236124
488.334	6.0	rest	3	244167
496.37	6.0	finger_tapping	1	248185
512.456	6.0	rest	3	256228
520.49	6.0	open_close	2	260245
536.572	6.0	rest	3	268286
544.61	6.0	wrist_rotation	4	272305
560.688	6.0	rest	3	280344
568.722	6.0	finger_tapping	1	284361
